Hostname,Common Name,Primera vista,Estado,Tecnologías,Certificado SSL,Captura
careers.tryhackme.com,careers.tryhackme.com,2025-02-10T16:21:15Z,Formulario detectado,"Varnish, Section.io, Font Awesome, Stimulus, Ruby, Ruby on Rails",Válido (64d) | Emisor: R11,resultados_merklemap/capturas/careers.tryhackme.com.png
auth.tryhackme.com,auth.tryhackme.com,2024-07-02T13:19:46Z,Redirige a login (https://auth.tryhackme.com/),Cloudflare,Válido (76d) | Emisor: WE1,resultados_merklemap/capturas/auth.tryhackme.com.png
setup.auth.tryhackme.com,setup.auth.tryhackme.com,2024-07-02T13:17:22Z,Redirige a login (https://setup.auth.tryhackme.com/),"Cloudflare, Vercel",Válido (76d) | Emisor: WE1,resultados_merklemap/capturas/setup.auth.tryhackme.com.png
business.tryhackme.com,business.tryhackme.com,2024-05-19T14:35:44Z,Formulario detectado,"Google Tag Manager, Cloudflare, jQuery, HubSpot",Válido (31d) | Emisor: WE1,resultados_merklemap/capturas/business.tryhackme.com.png
cancel.tryhackme.com,cancel.tryhackme.com,2024-03-13T18:35:26Z,Funcional,Google Font API,Válido (30d) | Emisor: E6,N/A
help.tryhackme.com,help.tryhackme.com,2023-02-15T00:00:00Z,Formulario detectado,Cloudflare,Válido (40d) | Emisor: WR1,resultados_merklemap/capturas/help.tryhackme.com.png
resources.tryhackme.com,resources.tryhackme.com,2022-06-10T00:00:00Z,Funcional,"Google Font API, Webflow, Cloudflare, jQuery",Válido (47d) | Emisor: R11,N/A
store.tryhackme.com,store.tryhackme.com,2020-04-29T17:26:30Z,Formulario detectado,"Google Pay, Cloudflare, Apple Pay, American Express, Visa, Cart Functionality, Shop Pay, Shopify",Válido (52d) | Emisor: WE1,resultados_merklemap/capturas/store.tryhackme.com.png
docs.tryhackme.com,docs.tryhackme.com,2020-03-03T16:05:38Z,Formulario detectado,Cloudflare,Válido (54d) | Emisor: WE1,resultados_merklemap/capturas/docs.tryhackme.com.png
blog.tryhackme.com,blog.tryhackme.com,2018-11-24T13:30:46Z,Funcional,"Google Font API, Font Awesome, Google Sign-in, Cloudflare",Válido (54d) | Emisor: WE1,N/A
www.tryhackme.com,thm.link,2018-11-18T17:51:10Z,Funcional,"Google Font API, Font Awesome, Google Sign-in, Cloudflare",Válido (54d) | Emisor: WE1,N/A
